Date,Conference,Location,Link
05May,International Conference on Software Engineering and Information Technology (ICSEIT),"Sangli,India",https://www.conferencealerts.in/events/2082218
05May,International Conference on Software Engineering and Information Technology (ICSEIT),"Puri,India",https://www.conferencealerts.in/events/2082209
05May,"International Conference on Big Data, Smart Computing and Computer Science (ICBDSCC)","Goa,India",https://www.conferencealerts.in/events/2081070
05May,International Conference on Software Engineering and Computer Science (ICSECS),"Goa,India",https://www.conferencealerts.in/events/2081066
05May,"International Conference on Big Data, Smart Computing and Computer Science (ICBDSCC)","Rourkela,India",https://www.conferencealerts.in/events/2081053
05May,International Conference on Software Engineering and Computer Science (ICSECS),"Rourkela,India",https://www.conferencealerts.in/events/2081049
05May,International Conference on Advances in Artificial Intelligence and Computer Science (ICAAICS),"Chennai,India",https://www.conferencealerts.in/events/2080421
05May,"International Conference on Computer Science, Industrial Electronics (ICCSIE)","Chennai,India",https://www.conferencealerts.in/events/2080417
05May,International Conference on Advances in Artificial Intelligence and Computer Science (ICAAICS),"Ajmer,India",https://www.conferencealerts.in/events/2080413
05May,"International Conference on Computer Science, Industrial Electronics (ICCSIE)","Ajmer,India",https://www.conferencealerts.in/events/2080409
05May,International Conference on Computer science and Information Technology (ICCSIT),"Saharanpur,India",https://www.conferencealerts.in/events/2079856
05May,International Conference on Computer science and Information Technology (ICCSIT),"Bilaspur,India",https://www.conferencealerts.in/events/2079847
05May,"National Conference on Advances in Electrical, Electronics & Computer Engineering (NCAEECE)","Tiruchengode,India",https://www.conferencealerts.in/events/2079094
05May,"National Conference on Advances in Electrical, Electronics & Computer Engineering (NCAEECE)","Solapur,India",https://www.conferencealerts.in/events/2079090
05May,"International Conference on Electrical, Electronics & Computer Science (ICEECS)","Kodaikanal,India",https://www.conferencealerts.in/events/2078444
05May,International Conference on Advanced Computer Science and Information Technology (ICACSIT),"Chitradurga,India",https://www.conferencealerts.in/events/2077499
05May,International Conference on Advances in Software and Computing Technologies (ICASCT),"Bhavnagar,India",https://www.conferencealerts.in/events/2077199
05May,"International Conference on Recent Innovations in Computer Science, Engineering and Technology (ICRICSET)","Mumbai,India",https://www.conferencealerts.in/events/2076499
05May,"International Conference on Recent Innovations in Computer Science, Engineering and Technology (ICRICSET)","Pune,India",https://www.conferencealerts.in/events/2076491
05May,"International Conference on Computer Science, Machine Learning and Big Data (ICCSMLBD)","Ranchi,India",https://www.conferencealerts.in/events/2065346
05May,"International Conference on Machine Learning, Computer Software and Applications (ICMLCSA)","Gurgaon,India",https://www.conferencealerts.in/events/2064434
05May,"International Conference on Computer Science, Machine Learning and Artificial Intelligence (ICCSMLAI)","Chennai,India",https://www.conferencealerts.in/events/2056376
05May,International Conference on Recent Advances in Computer Science and Information Technology (ICRACSIT),"Vizag,India",https://www.conferencealerts.in/events/2052279
05May,International Conference on Advanced Research in Computer Science and Information Technology (ICARCSIT),"Rourkela,India",https://www.conferencealerts.in/events/2048969
05May,International Conference on Big Data Computer Science and Information (ICBDCSI),"Bangalore,India",https://www.conferencealerts.in/events/1929836
06May,International Conference on Software Engineering and Information Technology (ICSEIT),"Pondicherry,India",https://www.conferencealerts.in/events/2082245
06May,International Conference on Software Engineering and Information Technology (ICSEIT),"Shimla,India",https://www.conferencealerts.in/events/2082236
06May,International Conference on Software Engineering and Information Technology (ICSEIT),"Jhansi,India",https://www.conferencealerts.in/events/2082227
06May,"International Conference on Big Data, Smart Computing and Computer Science (ICBDSCC)","Chandigarh,India",https://www.conferencealerts.in/events/2081121
06May,International Conference on Software Engineering and Computer Science (ICSECS),"Chandigarh,India",https://www.conferencealerts.in/events/2081117
06May,"International Conference on Big Data, Smart Computing and Computer Science (ICBDSCC)","Ooty,India",https://www.conferencealerts.in/events/2081104
06May,International Conference on Software Engineering and Computer Science (ICSECS),"Ooty,India",https://www.conferencealerts.in/events/2081100
06May,"International Conference on Big Data, Smart Computing and Computer Science (ICBDSCC)","Mumbai,India",https://www.conferencealerts.in/events/2081087
06May,International Conference on Software Engineering and Computer Science (ICSECS),"Mumbai,India",https://www.conferencealerts.in/events/2081083
06May,International Conference on Advances in Artificial Intelligence and Computer Science (ICAAICS),"Delhi,India",https://www.conferencealerts.in/events/2080445
06May,"International Conference on Computer Science, Industrial Electronics (ICCSIE)","Delhi,India",https://www.conferencealerts.in/events/2080441
06May,International Conference on Advances in Artificial Intelligence and Computer Science (ICAAICS),"Jaipur,India",https://www.conferencealerts.in/events/2080437
06May,"International Conference on Computer Science, Industrial Electronics (ICCSIE)","Jaipur,India",https://www.conferencealerts.in/events/2080433
06May,International Conference on Advances in Artificial Intelligence and Computer Science (ICAAICS),"Kolkata,India",https://www.conferencealerts.in/events/2080429
06May,"International Conference on Computer Science, Industrial Electronics (ICCSIE)","Kolkata,India",https://www.conferencealerts.in/events/2080425
06May,International Conference on Computer science and Information Technology (ICCSIT),"Nellore,India",https://www.conferencealerts.in/events/2079874
06May,International Conference on Computer science and Information Technology (ICCSIT),"Kanchipuram,India",https://www.conferencealerts.in/events/2079865
06May,"National Conference on Advances in Electrical, Electronics & Computer Engineering (NCAEECE)","Salem,India",https://www.conferencealerts.in/events/2079102
06May,"National Conference on Advances in Electrical, Electronics & Computer Engineering (NCAEECE)","Nagercoil,India",https://www.conferencealerts.in/events/2079098
06May,"International Conference on Electrical, Electronics & Computer Science (ICEECS)","Nagercoil,India",https://www.conferencealerts.in/events/2078468
06May,"International Conference on Electrical, Electronics & Computer Science (ICEECS)","Davanagere,India",https://www.conferencealerts.in/events/2078456
06May,International Conference on Advanced Computer Science and Information Technology (ICACSIT),"Prayagraj,India",https://www.conferencealerts.in/events/2077523
06May,International Conference on Advanced Computer Science and Information Technology (ICACSIT),"Jaipur,India",https://www.conferencealerts.in/events/2077515
06May,International Conference on Advanced Computer Science and Information Technology (ICACSIT),"Bangalore,India",https://www.conferencealerts.in/events/2077507
06May,International Conference on Advances in Software and Computing Technologies (ICASCT),"Port Blair,India",https://www.conferencealerts.in/events/2077211
06May,International Conference on Advances in Software and Computing Technologies (ICASCT),"Jhansi,India",https://www.conferencealerts.in/events/2077205
06May,"International Conference on Recent Innovations in Computer Science, Engineering and Technology (ICRICSET)","Shillong,India",https://www.conferencealerts.in/events/2076515
06May,"International Conference on Recent Innovations in Computer Science, Engineering and Technology (ICRICSET)","Bangalore,India",https://www.conferencealerts.in/events/2076507
06May,"International Conference on Computer Science, Machine Learning and Big Data (ICCSMLBD)","Puri,India",https://www.conferencealerts.in/events/2065358
06May,"International Conference on Machine Learning, Computer Software and Applications (ICMLCSA)","Pune,India",https://www.conferencealerts.in/events/2064464
06May,"International Conference on Machine Learning, Computer Software and Applications (ICMLCSA)","New Delhi,India",https://www.conferencealerts.in/events/2064454
06May,"International Conference on Machine Learning, Computer Software and Applications (ICMLCSA)","Jalandhar,India",https://www.conferencealerts.in/events/2064444
06May,International Conference on Software Engineering and Computer Science (ICSECS),"Pune,India",https://www.conferencealerts.in/events/2064064
06May,International Conference on Software Engineering and Computer Science (ICSECS),"Roorkee,India",https://www.conferencealerts.in/events/2064058
06May,International Conference on Software Engineering and Computer Science (ICSECS),"Kollam,India",https://www.conferencealerts.in/events/2064052
06May,"International Conference on Computer Science, Machine Learning and Artificial Intelligence (ICCSMLAI)","Chennai,India",https://www.conferencealerts.in/events/2056369
06May,"International Conference on Computer Science, Machine Learning and Artificial Intelligence (ICCSMLAI)","Shimoga,India",https://www.conferencealerts.in/events/2056362
06May,"International Conference on Computer Science, Machine Learning and Artificial Intelligence (ICCSMLAI)","Mangalore,India",https://www.conferencealerts.in/events/2056355
06May,International Conference on Recent Advances in Computer Science and Information Technology (ICRACSIT),"Nagpur,India",https://www.conferencealerts.in/events/2052312
06May,International Conference on Recent Advances in Computer Science and Information Technology (ICRACSIT),"Ghaziabad,India",https://www.conferencealerts.in/events/2052301
06May,International Conference on Recent Advances in Computer Science and Information Technology (ICRACSIT),"Pune,India",https://www.conferencealerts.in/events/2052290
06May,International Conference on Advanced Research in Computer Science and Information Technology (ICARCSIT),"Bangalore,India",https://www.conferencealerts.in/events/2049023
06May,International Conference on Advanced Research in Computer Science and Information Technology (ICARCSIT),"Ranchi,India",https://www.conferencealerts.in/events/2049005
06May,International Conference on Advanced Research in Computer Science and Information Technology (ICARCSIT),"Bhawanipatna,India",https://www.conferencealerts.in/events/2048987
06May,International Conference on Big Data Computer Science and Information (ICBDCSI),"Pune,India",https://www.conferencealerts.in/events/1929876
07May,International Conference on Software Engineering and Information Technology (ICSEIT),"Ernakulam,India",https://www.conferencealerts.in/events/2082272
07May,International Conference on Software Engineering and Information Technology (ICSEIT),"Belgaum,India",https://www.conferencealerts.in/events/2082263
07May,International Conference on Software Engineering and Information Technology (ICSEIT),"Chinchawad,India",https://www.conferencealerts.in/events/2082254
07May,"International Conference on Big Data, Smart Computing and Computer Science (ICBDSCC)","Bangalore,India",https://www.conferencealerts.in/events/2081189
07May,International Conference on Software Engineering and Computer Science (ICSECS),"Bangalore,India",https://www.conferencealerts.in/events/2081185
07May,"International Conference on Big Data, Smart Computing and Computer Science (ICBDSCC)","Puri,India",https://www.conferencealerts.in/events/2081172
07May,International Conference on Software Engineering and Computer Science (ICSECS),"Puri,India",https://www.conferencealerts.in/events/2081168
07May,"International Conference on Big Data, Smart Computing and Computer Science (ICBDSCC)","Guntur,India",https://www.conferencealerts.in/events/2081155
07May,International Conference on Software Engineering and Computer Science (ICSECS),"Guntur,India",https://www.conferencealerts.in/events/2081151
07May,International Conference on Advances in Artificial Intelligence and Computer Science (ICAAICS),"Navi Mumbai,India",https://www.conferencealerts.in/events/2080461
07May,"International Conference on Computer Science, Industrial Electronics (ICCSIE)","Navi Mumbai,India",https://www.conferencealerts.in/events/2080457
07May,International Conference on Advances in Artificial Intelligence and Computer Science (ICAAICS),"Nashik,India",https://www.conferencealerts.in/events/2080453
07May,"International Conference on Computer Science, Industrial Electronics (ICCSIE)","Nashik,India",https://www.conferencealerts.in/events/2080449
07May,International Conference on Computer science and Information Technology (ICCSIT),"Jamshedpur,India",https://www.conferencealerts.in/events/2079901
07May,International Conference on Computer science and Information Technology (ICCSIT),"Ratlam,India",https://www.conferencealerts.in/events/2079892
07May,International Conference on Computer science and Information Technology (ICCSIT),"Kharagpur,India",https://www.conferencealerts.in/events/2079883
07May,"National Conference on Advances in Electrical, Electronics & Computer Engineering (NCAEECE)","Itanagar,India",https://www.conferencealerts.in/events/2079110
07May,"National Conference on Advances in Electrical, Electronics & Computer Engineering (NCAEECE)","Dispur,India",https://www.conferencealerts.in/events/2079106
07May,"International Conference on Electrical, Electronics & Computer Science (ICEECS)","Kalyan,India",https://www.conferencealerts.in/events/2078492
07May,"International Conference on Electrical, Electronics & Computer Science (ICEECS)","Varanasi,India",https://www.conferencealerts.in/events/2078480
07May,International Conference on Advanced Computer Science and Information Technology (ICACSIT),"Bhiwandi,India",https://www.conferencealerts.in/events/2077539
07May,International Conference on Advanced Computer Science and Information Technology (ICACSIT),"Ambala,India",https://www.conferencealerts.in/events/2077531
07May,International Conference on Advances in Software and Computing Technologies (ICASCT),"Prayagraj,India",https://www.conferencealerts.in/events/2077223
07May,International Conference on Advances in Software and Computing Technologies (ICASCT),"Chennai,India",https://www.conferencealerts.in/events/2077217
07May,"International Conference on Recent Innovations in Computer Science, Engineering and Technology (ICRICSET)","Kollam,India",https://www.conferencealerts.in/events/2076523
07May,"International Conference on Machine Learning, Computer Software and Applications (ICMLCSA)","Bangalore,India",https://www.conferencealerts.in/events/2064474
07May,International Conference on Software Engineering and Computer Science (ICSECS),"Faridabad,India",https://www.conferencealerts.in/events/2064076
07May,International Conference on Software Engineering and Computer Science (ICSECS),"Amritsar,India",https://www.conferencealerts.in/events/2064070
07May,"International Conference on Computer Science, Machine Learning and Artificial Intelligence (ICCSMLAI)","Lonavala,India",https://www.conferencealerts.in/events/2056347
07May,"International Conference on Computer Science, Machine Learning and Artificial Intelligence (ICCSMLAI)","Malappuram,India",https://www.conferencealerts.in/events/2056341
07May,International Conference on Recent Advances in Computer Science and Information Technology (ICRACSIT),"Ahmednagar,India",https://www.conferencealerts.in/events/2052334
07May,International Conference on Recent Advances in Computer Science and Information Technology (ICRACSIT),"Nashik,India",https://www.conferencealerts.in/events/2052323
07May,International Conference on Advanced Research in Computer Science and Information Technology (ICARCSIT),"Ghaziabad,India",https://www.conferencealerts.in/events/2049059
07May,International Conference on Advanced Research in Computer Science and Information Technology (ICARCSIT),"Kanchipuram,India",https://www.conferencealerts.in/events/2049041
08May,International Conference on Software Engineering and Information Technology (ICSEIT),"Kohima,India",https://www.conferencealerts.in/events/2082290
08May,International Conference on Software Engineering and Information Technology (ICSEIT),"Aizawl,India",https://www.conferencealerts.in/events/2082281
08May,"International Conference on Big Data, Smart Computing and Computer Science (ICBDSCC)","Ranipet,India",https://www.conferencealerts.in/events/2081223
08May,International Conference on Software Engineering and Computer Science (ICSECS),"Ranipet,India",https://www.conferencealerts.in/events/2081219
